rating,title,text,images,asin,parent_asin,user_id,timestamp,helpful_vote,verified_purchase
4.0,Entertaining game,This game is pretty fun and addictive. The graphics are colorful and the gameplay is engaging. It does have quite a few ads and in-app purchases though.,[],B07ABC1234,B07ABC1234,AXXXXX11111XXXXX,1577836800,7,True
3.0,Decent photo editing app,"This app has some good basic photo editing tools and filters. However, the interface could be more intuitive. It gets the job done but there are better options out there.",[],B07DEF5678,B07DEF5678,AXXXXX22222XXXXX,1580515200,2,True
5.0,One of my favorite shows,I love being able to watch episodes of this show whenever I want with this app. The video quality is great and it's easy to use.,[],B07GHI9012,B07GHI9012,AXXXXX33333XXXXX,1583020800,12,True
2.0,Freezes often,This app has potential but it freezes and crashes way too frequently to be usable. Developers need to work out the bugs.,[],B07JKL3456,B07JKL3456,AXXXXX44444XXXXX,1585699200,0,True
4.0,Useful for home workouts,"Since I can't always make it to the gym, this app is great for getting in a quick workout at home. The exercise demos are helpful and there's a good variety.",[],B07MNO7890,B07MNO7890,AXXXXX55555XXXXX,1588291200,5,False
3.0,Fun but glitchy,My kids enjoy playing this game but it does seem to have some glitches and laggy moments. Hopefully future updates address this.,[],B07PQR1234,B07PQR1234,AXXXXX66666XXXXX,1590969600,1,True
5.0,Great educational app,"As a teacher, I'm always looking for good educational apps. This one is engaging for students and aligns well with learning standards. I highly recommend it!",[],B07STU5678,B07STU5678,AXXXXX77777XXXXX,1593561600,21,True
1.0,Doesn't work,"I couldn't even get this app to open on my device after downloading. Waste of space, had to uninstall immediately.",[],B07VWX9012,B07VWX9012,AXXXXX88888XXXXX,1596240000,0,True
4.0,Good recipes,I've gotten some tasty and creative meal ideas from this recipe app. The ability to save favorites and create shopping lists is very convenient.,[],B07YZA3456,B07YZA3456,AXXXXX99999XXXXX,1598918400,8,True
2.0,Not impressed,"For a paid app, I expected better quality content. The articles are short and lack depth. Probably not worth the money.",[],B08BCD7890,B08BCD7890,AXXXXX00000XXXXX,1601510400,0,True
5.0,Must-have for movie lovers,This is my go-to app for reading reviews and getting movie recommendations. The content is always high quality and informative.,[],B08EFG1234,B08EFG1234,AXXXXX12121XXXXX,1604188800,17,True
4.0,Useful for on-the-go,It's nice being able to access my important documents from my phone with this app when I'm out and about. The scanning feature works pretty well.,[],B08HIJ5678,B08HIJ5678,AXXXXX23232XXXXX,1606780800,6,False
3.0,Mixed feelings,"There are some things I like about this app, but it's not the most user-friendly. It takes some time to learn and navigate. Still deciding if I'll keep using it.",[],B08KLM9012,B08KLM9012,AXXXXX34343XXXXX,1609459200,0,True
1.0,Scam app,"Do not download, this app is a total scam. It promises free stuff but makes you input a bunch of personal information. I wouldn't trust it.",[],B08NOP3456,B08NOP3456,AXXXXX45454XXXXX,1612137600,0,True
4.0,Challenging brain teasers,"If you enjoy logic puzzles and brain teasers, this app will keep you entertained. Some of the levels are quite challenging!",[],B08QRS7890,B08QRS7890,AXXXXX56565XXXXX,1614556800,0,False
5.0,Excellent meditation app,This app has really helped me build a daily meditation habit. The guided sessions are calming and the sleep stories help me wind down at night. Well worth it.,[],B08TUV1234,B08TUV1234,AXXXXX67676XXXXX,1617235200,0,True
2.0,Battery drainer,I noticed my battery draining much faster after installing this app. I like the concept but they need to fix whatever is causing the battery issue.,[],B08WXY5678,B08WXY5678,AXXXXX78787XXXXX,1619827200,0,True
4.0,Great for organizing,I use this app to organize both my work and personal life. It's easy to use and I love the calendar and list-making features.,[],B08ZAB9012,B08ZAB9012,AXXXXX89898XXXXX,1622505600,0,False
3.0,Just okay,This app is fine but nothing special in my opinion. It works as described but the features are pretty basic compared to other apps in this category.,[],B09CDE3456,B09CDE3456,AXXXXX90909XXXXX,1625097600,0,True
5.0,Can't live without it!,I use this app constantly for work and personal communication. It has made messaging and video calls so much easier. It's an essential tool for me.,[],B09FGH7890,B09FGH7890,AXXXXX12345XXXXX,1627776000,0,True
2.0,Disappointing,"I had high hopes for this app based on the description, but it did not live up to expectations. The features are buggy and the interface is clunky.",[],B09HIJ1234,B09HIJ1234,AXXXXX23456XXXXX,1630454400,0,True
4.0,Helpful for students,My daughter uses this app to help with her homework and test prep. It explains concepts in simple terms and the practice questions are useful.,[],B09KLM5678,B09KLM5678,AXXXXX34567XXXXX,1633046400,0,True
3.0,Hit or miss,"Some of the workouts in this app are great, but others are kind of boring. I wish there was more variety and that the instructions were clearer.",[],B09NOP9012,B09NOP9012,AXXXXX45678XXXXX,1635724800,0,True
5.0,Fantastic game,"I can't stop playing this game! The storyline is engaging, the characters are interesting, and the gameplay is so fun. One of the best I've played.",[],B09QRS3456,B09QRS3456,AXXXXX56789XXXXX,1638316800,0,False
1.0,Waste of money,I paid for the premium version of this app and it's still loaded with ads and the extra features aren't even that good. I want a refund!,[],B09TUV7890,B09TUV7890,AXXXXX67890XXXXX,1640995200,0,True
4.0,Handy tool,This app comes in handy for quick measurements and calculations. I use it for home improvement projects. It's pretty accurate and easy to use.,[],B09WXY1234,B09WXY1234,AXXXXX78901XXXXX,1643673600,0,True
5.0,Love it!,This is my new favorite photo editing app. It has so many fun filters and effects. I use it to edit all my Instagram photos now.,[],B09ZAB5678,B09ZAB5678,AXXXXX89012XXXXX,1646092800,0,True
2.0,Not worth it,"I bought this app thinking it would help me learn a new language, but the lessons are very short and basic. There are better language learning apps out there.",[],B10CDE9012,B10CDE9012,AXXXXX90123XXXXX,1648771200,0,True
4.0,Good for beginners,I'm new to meditation and this app is a good place to start. The guided meditations are relaxing and help me focus. The tracker is motivating too.,[],B10FGH3456,B10FGH3456,AXXXXX01234XXXXX,1651363200,0,True
3.0,It's alright,This app is decent for simple photo edits and collages. It gets the job done but nothing groundbreaking. I mostly got it because it was free.,[],B10HIJ7890,B10HIJ7890,AXXXXX12345XXXXX,1654041600,0,False
5.0,So helpful!,"As a new parent, this app has been a lifesaver. It has everything from tracking feedings and sleep to tips and developmental milestones. I highly recommend it.",[],B10KLM1234,B10KLM1234,AXXXXX23456XXXXX,1656633600,0,True
1.0,Awful,This app looks like it was made 10 years ago. The graphics are terrible and it's full of glitches. I deleted it after 5 minutes.,[],B10NOP5678,B10NOP5678,AXXXXX34567XXXXX,1659312000,0,True
5.0,Incredible workout app,"The variety of workouts on this app is impressive. I like how you can filter by target area, duration, equipment, etc. The instructors are motivating without being cheesy.",[],B10TUV3456,B10TUV3456,AXXXXX56789XXXXX,1664582400,0,True
2.0,Meh,I don't understand all the hype about this app. It's just a basic notes app with a couple extra features. Nothing special in my book.,[],B10WXY7890,B10WXY7890,AXXXXX67890XXXXX,1667260800,0,True
4.0,Useful for tracking expenses,I've been using this app for a few months now to track my spending and create a budget. It takes some time to set up and categorize transactions but it's worth it.,[],B10ZAB1234,B10ZAB1234,AXXXXX78901XXXXX,1669852800,0,True
3.0,Could be better,This app is just okay. It works for basic coloring but I wish there were more brush options and that you could zoom in more. I've seen better coloring apps.,[],B11CDE5678,B11CDE5678,AXXXXX89012XXXXX,1672531200,0,False
5.0,Game changer!,"Wow, this app has made a huge difference in my productivity! The Pomodoro timer keeps me focused and the task list keeps me organized. Love it.",[],B11FGH9012,B11FGH9012,AXXXXX90123XXXXX,1675209600,0,True
2.0,Glitchy,The concept of this app is cool but the execution is poor. It's super glitchy and crashes all the time. I wanted to like it but it's just too frustrating to use.,[],B11HIJ3456,B11HIJ3456,AXXXXX01234XXXXX,1677628800,0,True
4.0,Good daily challenges,This brain training game has been part of my morning routine for a few weeks now. The daily challenges are fun and not too long. I like seeing my stats improve.,[],B11KLM7890,B11KLM7890,AXXXXX12345XXXXX,1680307200,0,True
3.0,Not bad,This app is good for killing time but gets repetitive quickly. You can only customize your avatar in limited ways and the mini games are pretty basic. It's cute but I got bored.,[],B11NOP1234,B11NOP1234,AXXXXX23456XXXXX,1682899200,0,True
5.0,Where has this been all my life?,"Seriously, this app is amazing for anyone who hates math. It can solve any problem and shows step-by-step instructions. It's helped me so much in my calculus class!",[],B11QRS5678,B11QRS5678,AXXXXX34567XXXXX,1685577600,0,False
1.0,Horrible,I usually love this developer's apps but this one is horrible. The controls are not responsive at all and the graphics look like they're from 20 years ago. Such a disappointment.,[],B11TUV9012,B11TUV9012,AXXXXX45678XXXXX,1688169600,0,True
4.0,Makes meal planning easy,"With a busy schedule, I never had time to meal plan. But this app makes it so quick and easy. You can pick recipes, generate shopping lists, and even order groceries. It's great!",[],B11WXY3456,B11WXY3456,AXXXXX56789XXXXX,1690848000,0,True
2.0,Too expensive,"I downloaded this app because I thought it would save me money, but it turns out a lot of the coupons are for things I don't even buy. And you have to pay to unlock certain deals. Not worth it to me.",[],B11ZAB7890,B11ZAB7890,AXXXXX67890XXXXX,1693526400,0,True
4.0,Great for travel,"I used this app on a recent international trip and it was so helpful. You can book flights, hotels, transportation and activities all in one place. It made planning my trip a breeze.",[],B12CDE1234,B12CDE1234,AXXXXX78901XXXXX,1696118400,0,True
3.0,Nothing new,I feel like I've played this same puzzle game a hundred times. There's nothing really unique or challenging about it. It's fine for passing time but gets old fast.,[],B12FGH5678,B12FGH5678,AXXXXX89012XXXXX,1698796800,0,False
5.0,Favorite relaxation app,"I use this app every day to unwind, especially before bed. The nature sounds and white noise options are so calming. You can set a sleep timer too which is great.",[],B12HIJ9012,B12HIJ9012,AXXXXX90123XXXXX,1701388800,0,True
1.0,Useless,This app claims to give you coupons for local restaurants but every single one I tried to use was expired or not accepted. What a waste of time downloading it.,[],B12KLM3456,B12KLM3456,AXXXXX01234XXXXX,1704067200,0,True
4.0,Simple and effective,"No frills, just a basic timer that does what it's supposed to. I like that you can customize the sounds and intervals. I use it for workouts, studying, chores - pretty much everything.",[],B12NOP7890,B12NOP7890,AXXXXX12345XXXXX,1706745600,0,True
3.0,Good for kids,"This coloring app is cute and simple, perfect for young kids. My daughter enjoys it but older kids might find it too basic. The color options are somewhat limited.",[],B12QRS1234,B12QRS1234,AXXXXX23456XXXXX,1709251200,0,True
5.0,Best habit tracker,I've tried a bunch of habit tracking apps but this one is by far my favorite. It's so customizable and the interface is really user-friendly. It's helped me stay accountable and build better habits.,[],B12TUV5678,B12TUV5678,AXXXXX34567XXXXX,1711929600,0,False
2.0,Just okay,This app is fine for basic weather info but I wouldn't rely on it for anything important. The forecast is not always accurate and it doesn't update as frequently as other weather apps I've used.,[],B12WXY9012,B12WXY9012,AXXXXX45678XXXXX,1714521600,0,True
4.0,Fun photo editor,"If you like playing around with photos, you'll enjoy this app. It has a huge variety of filters, effects, stickers, etc. I especially like the retro and aesthetic ones. You can get really creative!",[],B12ZAB3456,B12ZAB3456,AXXXXX56789XXXXX,1717200000,0,True
3.0,Hard to navigate,"While this app has some useful information, the layout is really hard to navigate. It's not intuitive at all. They need to work on making it more user-friendly and streamlined.",[],B13CDE7890,B13CDE7890,AXXXXX67890XXXXX,1719792000,0,True
5.0,A lifesaver!,I don't know what I'd do without this app. It has saved me so much time and hassle. Being able to store all my tickets and passes in one place is a game changer.,[],B13FGH1234,B13FGH1234,AXXXXX78901XXXXX,1722470400,0,False
1.0,Scam,This app is a total scam. It promises rewards for completing surveys but I never received anything after wasting so much time on it. Definitely not legitimate.,[],B13HIJ5678,B13HIJ5678,AXXXXX89012XXXXX,1725148800,0,True
4.0,Addicting game,The levels get pretty challenging as you go but in a good way. It really makes you think. The power ups are helpful when you get stuck. I keep coming back to this game.,[],B13KLM9012,B13KLM9012,AXXXXX90123XXXXX,1727740800,0,True
2.0,Mediocre,The idea of this app sounded great but the actual content is mediocre. The articles are short and lacking substance. A lot of it feels like superficial fluff pieces.,[],B13NOP3456,B13NOP3456,AXXXXX01234XXXXX,1730419200,0,True
4.0,Nice design,"This app has a really sleek, modern design. It's very aesthetically pleasing. The content itself is pretty standard but the look of it definitely elevates the experience.",[],B13QRS7890,B13QRS7890,AXXXXX12345XXXXX,1733097600,0,False
3.0,Runs slowly,"Maybe it's just my phone, but this app seems to run really slowly and lag a lot. The content itself is fine but the performance issues are frustrating.",[],B13TUV1234,B13TUV1234,AXXXXX23456XXXXX,1735689600,0,True
5.0,Awesome!,I can't say enough good things about this app! It has exceeded my expectations. The features are incredible and it's so easy to use. I'll be recommending it to everyone.,[],B13WXY5678,B13WXY5678,AXXXXX34567XXXXX,1738368000,0,True
2.0,Annoying notifications,"This app constantly sends notifications, even when I have them turned off in the settings. It's so annoying and intrusive. Made me not even want to use the app.",[],B13ZAB9012,B13ZAB9012,AXXXXX45678XXXXX,1740960000,0,True
4.0,Helps me focus,I've been using this app to help with my ADHD and it's been great for keeping me on task. The reminders and scheduling features are really useful. Definitely recommend for anyone who struggles with focus.,[],B14CDE3456,B14CDE3456,AXXXXX56789XXXXX,1743638400,0,False
5.0,Amazing for learning!,"I've been using this app to learn a new language and it's been so effective! The lessons are interactive and engaging. You learn vocabulary, grammar, pronunciation - it covers it all.",[],B14FGH7890,B14FGH7890,AXXXXX67890XXXXX,1746230400,0,True
1.0,Buggy mess,"I was excited to try this app but it's a buggy mess. It crashes constantly, doesn't load properly, and some features don't even work at all. Very disappointing.",[],B14HIJ1234,B14HIJ1234,AXXXXX78901XXXXX,1748908800,0,True
4.0,Saves me money,Love using this app to compare prices and find the best deals. It's easy to scan barcodes and see prices from different retailers. It's saved me quite a bit of money already!,[],B14KLM5678,B14KLM5678,AXXXXX89012XXXXX,1751500800,0,True
2.0,Limited options,This app is okay but the options are very limited. You can only customize things in set ways. I was hoping for more flexibility and variety. It gets old fast.,[],B14NOP9012,B14NOP9012,AXXXXX90123XXXXX,1754179200,0,False
4.0,Quality content,"If you're a fan of this newspaper, you'll love having all the articles right on your phone. The content is the same high quality as the print version. My only complaint is that you can't enlarge the text.",[],B14QRS3456,B14QRS3456,AXXXXX01234XXXXX,1756857600,0,True
3.0,Could be more intuitive,"It took me a while to figure out how to navigate this app and use all the features. The interface could definitely be more intuitive. Once you get the hang of it, it's useful, but not the most user-friendly.",[],B14TUV7890,B14TUV7890,AXXXXX12345XXXXX,1759449600,0,True
5.0,So convenient!,"This app makes ordering food so quick and easy. You can save your favorite orders, use coupons, earn rewards - it's great. And it has a wide variety of restaurants to choose from.",[],B14WXY1234,B14WXY1234,AXXXXX23456XXXXX,1762128000,0,True
2.0,Keeps crashing,I've tried using this app multiple times but it keeps crashing on me. I can barely get through a session without it closing out unexpectedly. Fix the stability issues!,[],B14ZAB5678,B14ZAB5678,AXXXXX34567XXXXX,1764806400,0,False
4.0,Makes reading fun,My son loves using this app to read. The interactive elements and rewards really motivate him to keep reading. I like that you can track progress and it has a nice variety of books.,[],B15CDE9012,B15CDE9012,AXXXXX45678XXXXX,1767398400,0,True
5.0,Can't believe it's free,"This app is an incredible resource, I can't believe it's totally free. It has in-depth information and tools for managing your finances. I've learned so much from it!",[],B15HIJ7890,B15HIJ7890,AXXXXX67890XXXXX,1772668800,0,True
1.0,Complete junk,"This app is complete junk, don't waste your time downloading it. It doesn't do half of what it claims to and is full of ads. Total scam.",[],B15KLM1234,B15KLM1234,AXXXXX78901XXXXX,1775347200,0,False
4.0,Works great,I use this app all the time to transfer money and haven't had any issues. The security features give me peace of mind. And transfers go through pretty quickly.,[],B15NOP5678,B15NOP5678,AXXXXX89012XXXXX,1778025600,0,True
2.0,Stopped working,This app worked fine for a while but then after an update it just stopped working. It won't even open now. I tried reinstalling but no luck. Disappointed.,[],B15QRS9012,B15QRS9012,AXXXXX90123XXXXX,1780617600,0,True
4.0,Inspiring content,I really enjoy the articles and stories in this app. They're uplifting and inspiring. Reading one is a nice way to start my day on a positive note.,[],B15TUV3456,B15TUV3456,AXXXXX01234XXXXX,1783296000,0,True
3.0,Not very challenging,This brain training app is alright but I find a lot of the games too easy. I was hoping for something that would really challenge me. It's probably better for older people.,[],B15WXY7890,B15WXY7890,AXXXXX12345XXXXX,1785974400,0,False
5.0,Helped me get organized,"I struggled with staying organized before using this app. Now I can keep all my notes, lists, reminders, etc in one place. It's been a game changer for my productivity.",[],B15ZAB1234,B15ZAB1234,AXXXXX23456XXXXX,1788566400,0,True
1.0,Invasive permissions,"This app wants access to way too much personal data. There's no reason for a calculator app to need my location, contacts, etc. I don't trust it.",[],B16CDE5678,B16CDE5678,AXXXXX34567XXXXX,1791244800,0,True
4.0,Easy to use,"This budgeting app is straightforward and easy to use. You can link your accounts, set goals, track spending, and more. It gives you a good overall picture of your finances.",[],B16FGH9012,B16FGH9012,AXXXXX45678XXXXX,1793836800,0,True
2.0,Too basic,I was hoping this app would have more advanced features but it's very basic. It's missing a lot of functionality that other similar apps have. Wouldn't recommend.,[],B16HIJ3456,B16HIJ3456,AXXXXX56789XXXXX,1796515200,0,False
4.0,Fun way to learn,My kids really enjoy using this educational app. It covers a wide range of subjects in an interactive and engaging way. It supplements what they're learning in school nicely.,[],B16KLM7890,B16KLM7890,AXXXXX67890XXXXX,1799193600,0,True
3.0,Just okay,"There's nothing really wrong with this app, it's just pretty average. The features are basic and the design is nothing special. It gets the job done but that's about it.",[],B16NOP1234,B16NOP1234,AXXXXX78901XXXXX,1801785600,0,True
5.0,Go-to weather app,"I've tried a bunch of weather apps but I always end up coming back to this one. It's accurate, up-to-date, and has a clean interface. Plus the radar feature is really useful.",[],B16QRS5678,B16QRS5678,AXXXXX89012XXXXX,1804464000,0,True
2.0,Drains battery,"I like the features of this app but it drains my phone battery so quickly, even when I'm not actively using it. I had to uninstall because my phone kept dying.",[],B16TUV9012,B16TUV9012,AXXXXX90123XXXXX,1807142400,0,False
4.0,Relaxing game,"If you're looking for a calm, relaxing game, this is a good choice. The artwork is beautiful and the music is soothing. It's not particularly challenging, just a nice way to unwind.",[],B16WXY3456,B16WXY3456,AXXXXX01234XXXXX,1809734400,0,True
3.0,Some good stories,The stories in this app are hit or miss. Some are really engaging and well-written while others fall flat. I do like that there are different genres to choose from.,[],B16ZAB7890,B16ZAB7890,AXXXXX12345XXXXX,1812412800,0,True
5.0,Helped me kick a bad habit,I was a heavy smoker for years but this app helped me finally kick the habit for good. The tracking and motivation features were key. I'm so grateful to be smoke-free now.,[],B17CDE1234,B17CDE1234,AXXXXX23456XXXXX,1815004800,0,True
1.0,Terrible customer service,The app itself is fine but the customer service is horrible. I had an issue with a purchase and it was impossible to get help. They never responded to my emails. Terrible experience.,[],B17FGH5678,B17FGH5678,AXXXXX34567XXXXX,1817683200,0,False
4.0,Good variety of workouts,"I like that this fitness app has a wide variety of workout styles and for different fitness levels. You can choose from HIIT, yoga, strength training and more. The trainers are motivating too.",[],B17HIJ9012,B17HIJ9012,AXXXXX45678XXXXX,1820361600,0,True
2.0,Not very accurate,I was excited to use this app to track my runs but I've found the GPS and distance tracking to be pretty inaccurate. My routes show up all glitchy. Disappointing.,[],B17KLM3456,B17KLM3456,AXXXXX56789XXXXX,1822953600,0,True
4.0,Helpful for anxiety,I deal with anxiety and this app has been a helpful tool in managing it. The breathing exercises and meditation sessions are really effective at calming me down when I'm feeling overwhelmed.,[],B17NOP7890,B17NOP7890,AXXXXX67890XXXXX,1825632000,0,True
5.0,Incredible for staying organized,"This app has revolutionized the way I stay organized. I can keep track of all my tasks, appointments, and notes in one place. The interface is intuitive and the features are robust. Highly recommend!",[],B17QRS1234,B17QRS1234,AXXXXX78901XXXXX,1828310400,0,False
2.0,Not very challenging,I was hoping this trivia game would be more challenging but the questions are pretty easy. I breezed through multiple levels without much trouble. It's too basic for anyone with general knowledge.,[],B17TUV5678,B17TUV5678,AXXXXX89012XXXXX,1830902400,0,True
4.0,Gorgeous graphics,"The artwork in this game is stunning, it's clear a lot of talent went into the graphic design. Gameplay is pretty standard for the genre but the visuals really elevate it to the next level.",[],B17WXY9012,B17WXY9012,AXXXXX90123XXXXX,1833580800,0,True
3.0,Some cool effects,"This photo editing app has some cool and unique filters/effects. However, the organization and layout could be better. It's hard to find what you need sometimes. Has potential though!",[],B17ZAB3456,B17ZAB3456,AXXXXX01234XXXXX,1836259200,0,True
5.0,Can't stop playing,I downloaded this game on a whim and now I can't stop playing! It's so addictive in the best way. The combinations of puzzle challenges keep things interesting. Definitely a new favorite.,[],B18CDE7890,B18CDE7890,AXXXXX12345XXXXX,1838851200,0,False
1.0,Constantly buffers,I've tried to watch multiple videos on this app but they constantly buffer and freeze up. Really frustrating when you just want to watch something! Not sure if it's the app or the content providers.,[],B18FGH1234,B18FGH1234,AXXXXX23456XXXXX,1841529600,0,True
4.0,Handy scanner,"This scanning app works great for me, it's quick and reliable. I use it mostly for work documents and receipts. The quality is always good. Like that you can easily send or save.",[],B18HIJ5678,B18HIJ5678,AXXXXX34567XXXXX,1844121600,0,True
2.0,Very glitchy,"I was excited to use this app to track my habits but it's so glitchy it's barely usable. Freezes up constantly, loses data, buttons don't work. Need to fix these bugs ASAP.",[],B18KLM9012,B18KLM9012,AXXXXX45678XXXXX,1846800000,0,True
4.0,Lots of options,"If you like word games, this app has a ton of different ones to choose from. Crosswords, anagrams, word searches, you name it. The difficulty levels are nicely varied too.",[],B18NOP3456,B18NOP3456,AXXXXX56789XXXXX,1849392000,0,False
3.0,Gets repetitive,"This app is great for short-term use but gets repetitive over time. Once you've gone through the content, there's not much reason to keep using it. Wish there were more frequent updates.",[],B18QRS7890,B18QRS7890,AXXXXX67890XXXXX,1852070400,0,True
5.0,Huge time saver,"I can't believe how much time this app saves me on a daily basis. It automates tasks that used to take me hours. Well worth the price, it's already paid for itself in saved time!",[],B18TUV1234,B18TUV1234,AXXXXX78901XXXXX,1854748800,0,True
2.0,Too expensive,I didn't realize how expensive the subscription for this app was until after I downloaded it. Not worth the high price in my opinion. There are cheaper alternatives with the same features.,[],B18WXY5678,B18WXY5678,AXXXXX89012XXXXX,1857340800,0,True
4.0,Nice for beginners,"As a beginning learner of this language, I've found this app to be very helpful. It starts with the basics and gradually builds on what you've learned. The pronunciation guides are great too.",[],B18ZAB9012,B18ZAB9012,AXXXXX90123XXXXX,1860019200,0,False
3.0,Needs more levels,I breezed through all the levels of this game pretty quickly. It's fun and well-designed but just needs more content. Hoping they add more levels soon or it will get stale fast.,[],B19CDE3456,B19CDE3456,AXXXXX01234XXXXX,1862697600,0,True
5.0,Perfect for meal planning,I use this app every week to plan out my meals and grocery list. It makes the process so much easier and helps me stay organized. Love the recipe suggestions and built-in list feature.,[],B19FGH7890,B19FGH7890,AXXXXX12345XXXXX,1865289600,0,True
1.0,Won't even open,"I've tried everything but I can't even get this app to open after downloading. It just crashes immediately. Tried restarting my phone, reinstalling, no luck. What a waste of space.",[],B19HIJ1234,B19HIJ1234,AXXXXX23456XXXXX,1867968000,0,True
4.0,Solid performance,"No real bells and whistles with this app, it just delivers solid, reliable performance. Hasn't crashed on me once and the features all work exactly as they should. Can't ask for much more.",[],B19KLM5678,B19KLM5678,AXXXXX34567XXXXX,1870560000,0,False
2.0,Unintuitive interface,Maybe it's just me but I find the interface of this app really unintuitive and hard to navigate. It's not laid out logically at all. I'm sure it has useful features but I have trouble finding them!,[],B19NOP9012,B19NOP9012,AXXXXX45678XXXXX,1873238400,0,True
4.0,Great for road trips,"We used this app to plan our route and find stops on our recent road trip and it was so helpful! Easy to use, lots of helpful info. Only downside is the maps sometimes took a while to load.",[],B19QRS3456,B19QRS3456,AXXXXX56789XXXXX,1875830400,0,True
3.0,Doesn't always sync,"When this app syncs properly and updates between my devices, it's great. But I've had a lot of issues with it not syncing and leaving me with outdated info. Frustrating to not be able to rely on it.",[],B19TUV7890,B19TUV7890,AXXXXX67890XXXXX,1878508800,0,True
5.0,Unexpectedly helpful,I didn't expect to get much use out of this app but I was pleasantly surprised! It has all these little hidden features that are really handy. Doesn't look like much but it's actually quite powerful.,[],B19WXY1234,B19WXY1234,AXXXXX78901XXXXX,1881187200,0,False
2.0,Needs work,The core concept of this app is great but the execution needs a lot of work. The bugs need to be fixed and the design needs some serious polish. I'd wait for some updates before downloading.,[],B19ZAB5678,B19ZAB5678,AXXXXX89012XXXXX,1883779200,0,True
4.0,Helpful for parents,I recommend this app for any parent looking to keep their young kids engaged with educational games. My daughter loves the cute characters and colorful activities. The parent features for tracking progress are a nice bonus.,[],B20CDE9012,B20CDE9012,AXXXXX90123XXXXX,1886457600,0,True
3.0,Pretty basic,This app works fine for basic image editing but that's about it. Don't expect any advanced tools or features. It gets the job done in a pinch but professionals will want something more robust.,[],B20FGH3456,B20FGH3456,AXXXXX01234XXXXX,1889136000,0,True
5.0,My new go-to,"Wow, I'm really impressed with the quality and depth of the content in this app! It's become my new go-to source for information and inspiration on the topic. And it's presented in such an engaging way.",[],B20HIJ7890,B20HIJ7890,AXXXXX12345XXXXX,1891728000,0,False
1.0,Sketchy permissions,"When I looked at all the permissions this app was requesting, it raised a lot of red flags. It wants access to way too much personal data. No thanks, I don't trust it. Deleted immediately.",[],B20KLM1234,B20KLM1234,AXXXXX23456XXXXX,1894406400,0,True
4.0,Better than expected,"For a free app, this exceeded my expectations. Sure, it has some limitations and there are a few small bugs. But overall it performs well and has some impressive features for no cost. Worth trying out!",[],B20NOP5678,B20NOP5678,AXXXXX34567XXXXX,1897084800,0,True
2.0,Not as described,This app is not as described in the listing. Several of the main features it claims to have are either missing or don't work properly. Feels like false advertising. I can't recommend it based on my experience.,[],B20QRS9012,B20QRS9012,AXXXXX45678XXXXX,1899676800,0,True
4.0,Good social app,"If you're looking for an easy way to keep in touch with friends and meet new people with similar interests, this is a good app to try. The chat features work well and the interest-based groups help you find relevant connections.",[],B20TUV3456,B20TUV3456,AXXXXX56789XXXXX,1902355200,0,False
3.0,Runs slowly,"The content on this app is great but it runs sooo slowly, at least on my device. Pages take forever to load and sometimes get stuck. Makes me not want to use it even though I like the actual content.",[],B20WXY7890,B20WXY7890,AXXXXX67890XXXXX,1905033600,0,True
5.0,Favorite guided meditations,I've tried many meditation apps but this one has become my favorite. The guided sessions are the perfect length and always leave me feeling refreshed. It's now a key part of my daily routine.,[],B20ZAB1234,B20ZAB1234,AXXXXX78901XXXXX,1907625600,0,True
2.0,Clunky controls,I really want to like this game but the controls are so clunky and unresponsive. My character never seems to do what I want. It makes the game more frustrating than fun. Hope they can improve it.,[],B21CDE5678,B21CDE5678,AXXXXX89012XXXXX,1910304000,0,True
4.0,Useful goal tracker,I've found this app very helpful for setting and tracking goals. You can break them down into manageable steps and get reminders. It's satisfying to see your progress over time. Not the flashiest app but it gets the job done!,[],B21FGH9012,B21FGH9012,AXXXXX90123XXXXX,1912982400,0,False
3.0,Too many notifications,"While I find the content of this app interesting, it sends way too many notifications. Even when I adjust the settings it still seems excessive. I end up ignoring them and forgetting to check the app. They need to fine tune this.",[],B21HIJ3456,B21HIJ3456,AXXXXX01234XXXXX,1915574400,0,True
5.0,Big help for anxiety,"As someone who struggles with anxiety, this app has been a huge help. The exercises and coping strategies are effective without being overwhelming. It's easy to use in the moment when I feel my anxiety rising. Highly recommend for anyone looking for an accessible tool!",[],B21KLM7890,B21KLM7890,AXXXXX12345XXXXX,1918252800,0,True
1.0,Didn't receive item,"I purchased an item through this app and never received it. When I tried to follow up with customer service, I never got a response. So now I'm out the money with nothing to show for it. Terrible experience, I can't trust this app.",[],B21NOP1234,B21NOP1234,AXXXXX23456XXXXX,1920844800,0,True
4.0,Good intro to the topic,"If you're looking for a beginner-friendly introduction to the topic, this app is a great place to start. The content is engaging and easy to understand. More advanced users may find it a bit basic but it's perfect for newbies!",[],B21QRS5678,B21QRS5678,AXXXXX34567XXXXX,1923523200,0,False
2.0,Compatibility issues,"I was excited to use this app but it doesn't seem to be compatible with my device. The layout is all messed up and some features don't work at all. Disappointing, I expected better from this developer. Hopefully they fix these issues soon.",[],B21TUV9012,B21TUV9012,AXXXXX45678XXXXX,1926201600,0,True
4.0,Easy to navigate,The best thing about this app is how easy it is to navigate. Everything is clearly laid out and labeled. You can find what you need quickly without a lot of extra clicking around. It's a small thing but makes a big difference in usability!,[],B21WXY3456,B21WXY3456,AXXXXX56789XXXXX,1928793600,0,True
3.0,Hit or miss articles,Some of the articles on this app are really interesting and insightful. But others are a bit of a miss - either too surface level or just not compelling topics. It's inconsistent. I still check it occasionally but am sometimes disappointed.,[],B21ZAB7890,B21ZAB7890,AXXXXX67890XXXXX,1931472000,0,True
5.0,Transformed my mornings,"Using this app has completely transformed my morning routine for the better. The combination of features is just perfect to set a positive, productive tone for the day. It's customizable and adapts well to my needs. I look forward to using it every day!",[],B22CDE1234,B22CDE1234,AXXXXX78901XXXXX,1934150400,0,False
1.0,Deceptive subscription,Watch out for the sneaky subscription fees with this app! It comes across as free to use but certain features are only available with a paid subscription. This isn't made clear up front. I felt tricked. Canceling right away.,[],B22FGH5678,B22FGH5678,AXXXXX89012XXXXX,1936742400,0,True
4.0,Improves focus,I wasn't sure about this app at first but I've found it actually helps improve my focus while working. The ambient sounds and timed sessions keep me in a productive flow. Doesn't work for everyone but worth a try if you get easily distracted!,[],B22HIJ9012,B22HIJ9012,AXXXXX90123XXXXX,1939420800,0,True
2.0,Unreliable data,I was using this app to track some key metrics but quickly lost confidence in it when I noticed discrepancies in the data. The numbers didn't always add up and it was inconsistent with other sources. You can't rely on inaccurate data. Deleting it.,[],B22KLM3456,B22KLM3456,AXXXXX01234XXXXX,1942099200,0,True
4.0,Nice design variety,"As a graphic designer, I appreciate the variety of design templates and assets available in this app. There are options for many different styles and needs. The quality is consistently high. It's a great jumping off point for new projects.",[],B22NOP7890,B22NOP7890,AXXXXX12345XXXXX,1944691200,0,False
3.0,Room for improvement,"This app has some good features but there's definitely room for improvement. Some things feel outdated or lacking polish. With a few tweaks and upgrades, it could be really great. The bones are there but it needs some refinement.",[],B22QRS1234,B22QRS1234,AXXXXX23456XXXXX,1947369600,0,True
5.0,Perfect for busy schedules,With my busy schedule I don't have hours to spend at the gym. This app gives me effective workouts I can do quickly at home. The virtual trainer keeps me motivated. It's the perfect fit for my lifestyle. I'm getting great results with minimal time commitment!,[],B22TUV5678,B22TUV5678,AXXXXX34567XXXXX,1950048000,0,True
2.0,Lacking customization,I was hoping for more customization options with this app. You're very limited in terms of settings and preferences. It's a one-size-fits-all approach that doesn't work for me. I need to be able to tailor it to my specific needs and goals.,[],B22WXY9012,B22WXY9012,AXXXXX45678XXXXX,1952640000,0,True
4.0,Helpful learning tool,My child has been using this app to supplement their learning and it's been a big help. The lessons are engaging and interactive. I can see the progress they're making. The reward system keeps them motivated to keep learning!,[],B22ZAB3456,B22ZAB3456,AXXXXX56789XXXXX,1955318400,0,False
3.0,Needs more challenges,I enjoy the core gameplay of this app but it needs more challenges and levels to keep things interesting. Once you get through the initial ones it starts to feel repetitive. I'd love to see more variety and regular updates with new content.,[],B23CDE7890,B23CDE7890,AXXXXX67890XXXXX,1957996800,0,True
5.0,Essential for any parent!,"Every parent needs this app, it's been an essential tool for me! The ability to track feedings, sleep, diaper changes etc is so helpful. Plus the built in milestone and development info has taught me a lot. I recommend it to all my parent friends.",[],B23FGH1234,B23FGH1234,AXXXXX78901XXXXX,1960588800,0,True
1.0,Complete invasion of privacy,"I was shocked by the amount of personal data this app collects. It wants access to your location, contacts, browsing history and more. There's no justifiable reason for it to need all that. I'm not compromising my privacy for an app. Deleted immediately.",[],B23HIJ5678,B23HIJ5678,AXXXXX89012XXXXX,1963267200,0,True
4.0,Convenient bill tracker,Keeping track of all my bills and when they're due used to be a hassle. This app makes it so much easier. I can see everything in one place and get reminders. It's simple but effective. I especially like the budgeting feature for seeing the big picture.,[],B23KLM9012,B23KLM9012,AXXXXX90123XXXXX,1965945600,0,False
2.0,Too basic for the price,"For a paid app, I expected more robust features. But it's actually quite basic, not much more than what you can get from free alternatives. It's not bad but it's just not worth the price in my opinion. I requested a refund.",[],B23NOP3456,B23NOP3456,AXXXXX01234XXXXX,1968537600,0,True
4.0,Hidden gem!,"This app is a hidden gem, I'm so glad I discovered it! The concept is unique and executed really well. It's one of those apps that doesn't have a big name but is a stand-out in its category. More people need to try it out, it deserves more attention!",[],B23QRS7890,B23QRS7890,AXXXXX12345XXXXX,1971216000,0,True
3.0,Calming but limited,"I find the sounds and visuals of this app very calming and relaxing. It's great for winding down. However, the options are somewhat limited. After using it for a while you crave more variety. It's good for what it is but could be expanded.",[],B23TUV1234,B23TUV1234,AXXXXX23456XXXXX,1973894400,0,True
5.0,Constantly impressed,Every time I use this app I'm impressed by all it can do. The features are so robust and powerful. You can tell the developers put a lot of thought and effort into it. It makes managing projects so much smoother. Can't imagine not having it now!,[],B23WXY5678,B23WXY5678,AXXXXX34567XXXXX,1976486400,0,False
2.0,Frustrating format,I find the format of this app frustrating and hard to follow. Things aren't laid out logically to me. I spend more time trying to find what I need than actually using it. It seems like the focus was on looks over functionality.,[],B23ZAB9012,B23ZAB9012,AXXXXX45678XXXXX,1979164800,0,True
4.0,Keeps me motivated,Using this app has helped me stay consistent with my fitness goals. The tracker and reminders keep me honest and motivated. Seeing my progress over time is very rewarding. It's become an important part of my routine.,[],B24CDE3456,B24CDE3456,AXXXXX56789XXXXX,1981843200,0,True
3.0,Better for beginners,"As an experienced user, I didn't find this app very helpful. The tips and information are quite basic. It seems geared more towards complete beginners. Not much here for those already familiar with the topic. It's not bad, just better suited for newbies.",[],B24FGH7890,B24FGH7890,AXXXXX67890XXXXX,1984435200,0,True
5.0,Game changer for work,This app has been a total game changer for streamlining my work processes. The automation features and templates save me so much time on repetitive tasks. It integrates seamlessly with the other programs I use. A must-have productivity tool!,[],B24HIJ1234,B24HIJ1234,AXXXXX78901XXXXX,1987113600,0,False
1.0,Borderline offensive,I found some of the content in this app to be borderline offensive. There were some insensitive stereotypes and off-color jokes that made me really uncomfortable. I'm surprised it got approved in the first place. I definitely can't recommend it.,[],B24KLM5678,B24KLM5678,AXXXXX89012XXXXX,1989792000,0,True
4.0,Makes me feel safer,"As a woman who often travels alone, this app makes me feel much safer. I like that I can easily share my location with trusted contacts and activate an alarm in an emergency situation. It gives me peace of mind. The UI could use some work but overall it's great.",[],B24NOP9012,B24NOP9012,AXXXXX90123XXXXX,1992384000,0,True
2.0,Some good insights but biased,"This app provides some interesting insights on the topic but I noticed a clear bias in the way information is presented. Some perspectives are promoted while others are minimized. I was hoping for a more balanced, objective view. Take it with a grain of salt.",[],B24QRS3456,B24QRS3456,AXXXXX01234XXXXX,1995062400,0,True
4.0,My go-to for recommendations,"Whenever I need a recommendation for a book, movie, restaurant etc, I go straight to this app. The suggestions are always spot-on and the reviews give me a good sense of what to expect. The more you use it, the more it learns your taste. It's my trusted source!",[],B24TUV7890,B24TUV7890,AXXXXX12345XXXXX,1997740800,0,False
3.0,Good but room to grow,This app has a solid foundation but there's definitely room for it to grow and improve. I'd like to see more interactive features and a community aspect. It feels a bit static right now. But it's a good start and I'll keep an eye out for updates.,[],B24WXY1234,B24WXY1234,AXXXXX23456XXXXX,2000332800,0,True
5.0,Transformed my business,Investing in this app has completely transformed how I run my business. It automates so many processes that used to take up valuable time. My productivity has skyrocketed. Plus the analytics provide game-changing insights. Worth every penny!,[],B24ZAB5678,B24ZAB5678,AXXXXX34567XXXXX,2003011200,0,True
1.0,Horrible customer support,"The app itself is okay but the customer support is horrible. I had an issue and it took forever to get a response. When I finally did, they were rude and dismissive. With so many alternatives available, I'd rather use an app that values its users. Deleted.",[],B25CDE9012,B25CDE9012,AXXXXX45678XXXXX,2005689600,0,True
4.0,Simple but effective,"Don't let the simple interface fool you, this app is a powerful tool! It's not flashy but it gets the job done efficiently. The simplicity makes it easy to use and stay focused on the task at hand. All the essentials without any bloat. Love it!",[],B25FGH3456,B25FGH3456,AXXXXX56789XXXXX,2008281600,0,False
2.0,Hasn't helped me,"I got this app hoping it would help me be more mindful and reduce stress, but to be honest I haven't noticed much difference. I've been using it for a few weeks but I don't feel anymore mindful. Maybe it just doesn't suit me but I'm a bit disappointed.",[],B25HIJ7890,B25HIJ7890,AXXXXX67890XXXXX,2010960000,0,True
4.0,Great for visual learners,"If you're a visual learner like me, you'll love this app! The way information is presented through graphics and animations makes it so much easier to understand and retain. It's engaging and even makes complex topics accessible. Highly recommend!",[],B25KLM1234,B25KLM1234,AXXXXX78901XXXXX,2013638400,0,True
3.0,Decent but not the best,This app is decent for what it does but it's not the best in its category. The features are solid but not groundbreaking. I can see it being useful for some but it probably won't replace my current go-to app. It's worth a try but keep expectations realistic.,[],B25NOP5678,B25NOP5678,AXXXXX89012XXXXX,2016230400,0,True
5.0,Exceeded expectations,I didn't have high expectations for this app initially but boy was I pleasantly surprised! The depth of content is incredible and the way it's curated makes it a joy to explore. You can tell a lot of thought and care went into every detail. It's exceeded all my expectations.,[],B25QRS9012,B25QRS9012,AXXXXX90123XXXXX,2018908800,0,False
1.0,Fake reviews everywhere,"Don't trust the glowing reviews, it's obvious so many are fake. The app is clunky, glitchy and not at all as described. I feel totally misled. Do your research before downloading, I wish I had. Total waste of time and money.",[],B25TUV3456,B25TUV3456,AXXXXX01234XXXXX,2021587200,0,True
4.0,Great supplement for students,My daughter uses this app to supplement what she's learning in school and it's been so helpful. The explanations are clear and the practice exercises really reinforce the concepts. Her grades have improved since using it regularly. Great education tool!,[],B25WXY7890,B25WXY7890,AXXXXX12345XXXXX,2024179200,0,True
2.0,Needs offline access,My biggest issue with this app is that it requires an internet connection to use most features. That makes it unusable when I'm traveling or without service. The whole point is to be able to access info on the go. Really needs an offline mode to be practical.,[],B25ZAB1234,B25ZAB1234,AXXXXX23456XXXXX,2026857600,0,True
4.0,Helps manage my condition,"As someone with a chronic health condition, this app has been so helpful in managing symptoms and staying on top of my treatment plan. The tracking features give me valuable data to share with my doctor. It helps me feel more in control. Easy to use too!",[],B26CDE5678,B26CDE5678,AXXXXX34567XXXXX,2029536000,0,False
3.0,Okay for the price,"For the low price point, this app is okay. It gets the basics done. But the design looks quite dated and the features are limited. You get what you pay for. It's usable but I wouldn't call it impressive. Fine as a budget option though!",[],B26FGH9012,B26FGH9012,AXXXXX45678XXXXX,2032128000,0,True
5.0,Unleashed my creativity,"Wow, this app has unleashed a creativity in me that I didn't know I had! The tools and templates make it so easy to bring ideas to life. And the community is so supportive and inspiring. It's become my favorite creative outlet. I'm hooked!",[],B26HIJ3456,B26HIJ3456,AXXXXX56789XXXXX,2034806400,0,True
1.0,Privacy nightmare,"If you care about privacy, stay far away from this app. It collects a scary amount of personal data and the privacy policy is full of red flags. Who knows where your info is going or how it's being used. I'm shocked it's even allowed. Deleted immediately.",[],B26KLM7890,B26KLM7890,AXXXXX67890XXXXX,2037484800,0,True
4.0,Perfect for collaboration,My team relies heavily on this app for collaborating on projects. The shared workspaces and real-time updates make it easy to work together even remotely. It's intuitive to use and the integration with other tools is seamless. It's really streamlined our workflow.,[],B26NOP1234,B26NOP1234,AXXXXX78901XXXXX,2040076800,0,False
2.0,Too buggy to depend on,"I really wanted to like this app but it's just too buggy to depend on for important tasks. It crashes frequently, doesn't save progress reliably, and has a lot of glitches. I worry about losing work. It has potential but needs a lot more stability before I could recommend it.",[],B26QRS5678,B26QRS5678,AXXXXX89012XXXXX,2042755200,0,True
4.0,Saves me a trip,Love being able to do this task straight from my phone now instead of having to go somewhere in person. The app makes the process quick and easy. The step-by-step guidance is helpful. And the security features give me peace of mind. It's a huge time saver!,[],B26TUV9012,B26TUV9012,AXXXXX90123XXXXX,2045433600,0,True
3.0,Decent but drains battery,"The features of this app are pretty useful but I've noticed it drains my phone battery really quickly, even when I'm not actively using it. I have to remember to force quit it. Not sure why it uses so much in the background. Might be a bug that needs fixing.",[],B26WXY3456,B26WXY3456,AXXXXX01234XXXXX,2048025600,0,True
5.0,Empowering and supportive,"As someone on a journey of personal growth, I've found this app to be both empowering and genuinely supportive. The insights are thought-provoking and the exercises are challenging in a positive way. It feels like I have a wise mentor in my pocket. Can't recommend it enough.",[],B26ZAB7890,B26ZAB7890,AXXXXX12345XXXXX,2050704000,0,False
1.0,Offensive stereotypes,I was excited to use this app to connect with my cultural heritage but was immediately put off by the offensive stereotypes it perpetuates. It's clear there was no input from members of the actual community. The depictions are inaccurate and hurtful. This is unacceptable in this day and age.,[],B27CDE1234,B27CDE1234,AXXXXX23456XXXXX,2053382400,0,True
4.0,Informative and unbiased,"When looking for information on this topic, it's hard to find sources that feel objective. This app does a great job of presenting facts from authoritative sources without an agenda. The well-rounded approach gives me confidence I'm getting the full picture. I appreciate the unbiased clarity.",[],B27FGH5678,B27FGH5678,AXXXXX34567XXXXX,2055974400,0,True
2.0,Don't bother,"Honestly, I'm not sure why this app exists. It doesn't do anything that a simple Google search couldn't accomplish. The interface is clunky and there are hardly any features. It seems more like a half-baked side project than a legitimate app. I wouldn't bother downloading it.",[],B27HIJ9012,B27HIJ9012,AXXXXX45678XXXXX,2058652800,0,True
4.0,Encourages healthy habits,I credit this app for helping me establish and stick to healthier habits. The tracking and reminder features are effective without being annoying. And the tips and insights keep me motivated. It's been a key part of my wellness journey.,[],B27KLM3456,B27KLM3456,AXXXXX56789XXXXX,2061331200,0,False
3.0,Interface needs work,The functionality of this app is great but the interface desperately needs an update. The layout is confusing and not intuitive at all. It takes way too many clicks to get anywhere. I hope the developers invest in some UI improvements soon.,[],B27NOP7890,B27NOP7890,AXXXXX67890XXXXX,2063923200,0,True
5.0,Can't imagine traveling without it,"This app is a must-have for frequent travelers like me. It keeps all my itineraries, confirmations, and documents organized in one place. The real-time updates have saved me from missed flights more than once. I can't imagine traveling without it now!",[],B27QRS1234,B27QRS1234,AXXXXX78901XXXXX,2066601600,0,True
2.0,Not worth a subscription,"While this app has some cool features, I don't think it's worth paying for a subscription. Too many key functions are locked behind the paywall. And the free version is very limited. There are similar apps that offer more for free.",[],B27TUV5678,B27TUV5678,AXXXXX89012XXXXX,2069280000,0,True
4.0,Improved my sleep,I've struggled with insomnia for years but this app has made a noticeable difference in my sleep quality. The wind-down reminders and sleep sounds help me relax. And the sleep analysis is fascinating. I'm glad I gave it a try!,[],B27WXY9012,B27WXY9012,AXXXXX90123XXXXX,2071872000,0,False
3.0,Great for basics,"This app is great for learning the basics of the language, especially for beginners. The lessons are bite-sized and easy to follow. But once you reach an intermediate level, you'll likely want something more advanced. It's a good starting point though!",[],B27ZAB3456,B27ZAB3456,AXXXXX01234XXXXX,2074550400,0,True
5.0,Incredible value,I'm blown away by how much value is packed into this app for the price. It has features that rival far more expensive programs. The developer is super responsive too. I feel like I've stumbled upon a hidden gem. Highly recommend giving it a try!,[],B28CDE7890,B28CDE7890,AXXXXX12345XXXXX,2077228800,0,True
1.0,Completely inaccurate,Do not trust the information in this app. I cross-checked with authoritative sources and found numerous inaccuracies and even blatantly false claims. It seems to promote a certain agenda over facts. Disappointing and even dangerous. Avoid.,[],B28FGH1234,B28FGH1234,AXXXXX23456XXXXX,2079820800,0,True
4.0,Helpful for caregivers,"As a caregiver for an elderly parent, I've found this app incredibly helpful for keeping track of medications, appointments, and symptoms. It allows me to easily share info with other family members and doctors. It's an essential tool for caregiving.",[],B28HIJ5678,B28HIJ5678,AXXXXX34567XXXXX,2082499200,0,False
2.0,Too repetitive,This app is fine for killing a few minutes but gets repetitive very quickly. There's not enough variety in the activities. And the rewards system is lackluster and doesn't provide much motivation. It just needs more depth to keep users engaged.,[],B28KLM9012,B28KLM9012,AXXXXX45678XXXXX,2085177600,0,True
4.0,Easy way to give back,I like how this app makes it simple to support causes I care about. You can donate directly or shop with merchants that contribute a portion to charity. And you can see the impact of your contributions. It's an effortless way to give back.,[],B28NOP3456,B28NOP3456,AXXXXX56789XXXXX,2087769600,0,True
3.0,Some connectivity issues,"Overall, this app works well when it connects properly. But I've had a lot of issues with it not syncing or failing to load data. When it works, it's great, but the unreliable connectivity is frustrating. Hope they can resolve this.",[],B28QRS7890,B28QRS7890,AXXXXX67890XXXXX,2090448000,0,True
5.0,Affordable therapy alternative,I can't afford traditional therapy but this app has been a lifeline. The virtual sessions with licensed therapists are a fraction of the usual cost. And the self-help resources are excellent too. It's an affordable way to invest in my mental health.,[],B28TUV1234,B28TUV1234,AXXXXX78901XXXXX,2093126400,0,False
1.0,Terrible customer service,"This app would be fine if not for the horrendous customer service. I had an issue with a missing order and it was impossible to get help. Emails went unanswered, no phone support. They took my money and left me hanging. Never again.",[],B28WXY5678,B28WXY5678,AXXXXX89012XXXXX,2095804800,0,True
4.0,Well-curated content,"If you're into this niche, you'll love how well-curated the content is. The app does a great job of finding hidden gems and up-and-coming creators. I've discovered so many new favorites. The recommendations are spot-on.",[],B28ZAB9012,B28ZAB9012,AXXXXX90123XXXXX,2098396800,0,True
2.0,Not very intuitive,"I want to like this app but find it very unintuitive to navigate. Features are buried in odd menus. The layout lacks a logical flow. Even after using it for a while, I still get lost. It needs a design overhaul focused on user experience.",[],B29CDE3456,B29CDE3456,AXXXXX01234XXXXX,2101075200,0,True
4.0,Convenient for appointments,"Managing appointments is a breeze with this app. I like that I can book, reschedule, and cancel right from my phone. Appointment reminders are helpful too. And it syncs with my calendar which is super convenient.",[],B29FGH7890,B29FGH7890,AXXXXX12345XXXXX,2103753600,0,False
3.0,Mixed feelings,"I have mixed feelings about this app. On one hand, the core function works well and it's easy to use. On the other hand, the design looks quite dated and load times can be sluggish. It gets the job done but doesn't wow me.",[],B29HIJ1234,B29HIJ1234,AXXXXX23456XXXXX,2106345600,0,True
5.0,Fantastic resource,"What a fantastic resource this app is! It's packed with valuable information, tools, and support. And the community is wonderfully engaging and supportive. It's really helped me develop my skills and confidence in this area.",[],B29KLM5678,B29KLM5678,AXXXXX34567XXXXX,2109024000,0,True
1.0,Very glitchy,"This app is so glitchy it's practically unusable. It constantly freezes, crashes, and loses data. And the developers seem to do nothing about widespread bugs. Maybe it worked better in the past but in its current state, it's a mess.",[],B29NOP9012,B29NOP9012,AXXXXX45678XXXXX,2111702400,0,True
4.0,Useful tracking tools,The tracking tools in this app are super useful. You can log so many different data points and see patterns over time. The visuals and charts are great for understanding trends. It's helped me gain a lot of self-awareness.,[],B29QRS3456,B29QRS3456,AXXXXX56789XXXXX,2114294400,0,False
2.0,Caused technical issues,"Installing this app seemed to cause some technical issues on my phone. Other apps started crashing or not working right after. And my battery drained faster. As soon as I uninstalled it, things went back to normal. Seems poorly optimized.",[],B29TUV7890,B29TUV7890,AXXXXX67890XXXXX,2116972800,0,True
4.0,Good habit builder,I've found this app very effective for building better habits. The tracking and streak features motivate me to stay consistent. And the reminders keep me accountable. I've made some lasting positive changes thanks to this app.,[],B29WXY1234,B29WXY1234,AXXXXX78901XXXXX,2119651200,0,True
3.0,Needs more challenges,The core gameplay of this app is fun but it needs more challenges and levels to keep things interesting. I breezed through the available content pretty quickly. With more variety and regular updates it could be great. But currently it's a bit bare-bones.,[],B29ZAB5678,B29ZAB5678,AXXXXX89012XXXXX,2122243200,0,True
5.0,Invaluable for entrepreneurs,"As an entrepreneur, I've found the resources and community in this app absolutely invaluable. The guides and templates have saved me countless hours. And the advice from seasoned business owners is so insightful. It's well worth the price.",[],B30CDE9012,B30CDE9012,AXXXXX90123XXXXX,2124921600,0,False
1.0,Complete scam,"This app is a complete scam. It promises results that are totally unrealistic and not based on any science. And it sneakily locks you into an expensive subscription. The content is garbage. Total waste of time and money. Can't believe it has high ratings, must be fake.",[],B30FGH3456,B30FGH3456,AXXXXX01234XXXXX,2127600000,0,True
4.0,Helpful budgeting tools,The budgeting tools in this app have been a huge help in getting my spending under control. I like how it categorizes expenses and let's you set savings goals. The reports give me great visibility into where my money is going. My only wish is that it had more options for customizing categories.,[],B30HIJ7890,B30HIJ7890,AXXXXX12345XXXXX,2130192000,0,True
2.0,Too basic,I was hoping for more from this app but it's quite basic. The lessons feel superficial and don't go in-depth. And there's not much to reinforce learning. You can find similar info for free online. Okay for an absolute beginner but not comprehensive enough for most.,[],B30KLM1234,B30KLM1234,AXXXXX23456XXXXX,2132870400,0,True
4.0,Solid resource,This app is a solid resource for anyone interested in the topic. The information is well-organized and comprehensive. I especially appreciate the links to primary sources for further reading. It's a great starting point for research or general learning.,[],B30NOP5678,B30NOP5678,AXXXXX34567XXXXX,2135548800,0,False
3.0,Not very challenging,This brain training app is okay but I don't find the games very challenging. They feel more like busy work than real cognitive exercises. I was hoping for something that would really push me. It might be better for someone who wants to just dip their toes in rather than a real mental workout.,[],B30QRS9012,B30QRS9012,AXXXXX45678XXXXX,2138140800,0,True
5.0,Meditation game changer,This app has taken my meditation practice to a new level. The guided sessions are so effective at helping me calm racing thoughts. And I love the variety of themes and lengths. The tracking features motivate me to stay consistent. It's been a total game changer for my mental well-being.,[],B30TUV3456,B30TUV3456,AXXXXX56789XXXXX,2140819200,0,True
2.0,Cluttered interface,The amount of features in this app is impressive but the interface is so cluttered and confusing. It's hard to find what you need and easy to get lost in all the menus. I wish they would simplify and streamline the design. It needs to be more user-friendly.,[],B30WXY7890,B30WXY7890,AXXXXX67890XXXXX,2143497600,0,True
4.0,Unexpectedly informative,I didn't expect to learn so much from this app but it's packed with interesting and informative content. The way it's presented makes even complex topics very accessible. I find myself coming back to it again and again to learn new things. A pleasant surprise!,[],B30ZAB1234,B30ZAB1234,AXXXXX78901XXXXX,2146089600,0,False
3.0,Mixed bag,"This app is a bit of a mixed bag. Some of the features are great and work well. But others feel half-baked or glitchy. When it works, it's helpful, but the inconsistency is frustrating. I'd say it's okay but not great. It has potential if they iron out the issues.",[],B31CDE5678,B31CDE5678,AXXXXX89012XXXXX,2148768000,0,True
5.0,Perfect for ADHD brains,"As someone with ADHD, this app has been a total lifesaver. The way it organizes tasks and breaks things down into manageable steps works so well with how my brain functions. The reward system helps keep me motivated too. I feel so much more productive and less overwhelmed. Highly recommend for neurodivergent folks!",[],B31FGH9012,B31FGH9012,AXXXXX90123XXXXX,2151446400,0,True
1.0,Constantly crashing,"I can barely use this app because it crashes constantly. I'll be in the middle of a session and it will completely shut down, losing all my progress. It's so frustrating. I've tried reinstalling but the issue persists. Developers need to fix this ASAP, it's currently unusable.",[],B31HIJ3456,B31HIJ3456,AXXXXX01234XXXXX,2154038400,0,True
4.0,Helpful for all ages,"I got this app to help my kids with this subject but I've found it helpful for myself too! The explanations are really clear and easy to grasp. And I like that there are different difficulty levels. It's a great tool for all ages, from students to adults who need a refresher.",[],B31KLM7890,B31KLM7890,AXXXXX12345XXXXX,2156716800,0,False
2.0,Needs work,I can see the potential in this app but it still needs a lot of work. The navigation is confusing and some key features seem to be missing or incomplete. And I've encountered a number of bugs. It feels like it was rushed to market before being fully ready. I hope future updates address these issues.,[],B31NOP1234,B31NOP1234,AXXXXX23456XXXXX,2159395200,0,True
4.0,Makes meal planning easy,"This app has streamlined my meal planning routine. I love being able to browse recipes, make a shopping list, and even order groceries all in one place. The nutritional info is super helpful too. It's helped me stay organized and make healthier choices. The only downside is that I wish there were more filters for dietary preferences.",[],B31QRS5678,B31QRS5678,AXXXXX34567XXXXX,2161987200,0,True
3.0,Ads are excessive,"The app itself is okay but the ads are really excessive. It feels like every other click brings up an ad. I get that free apps need to make money but this is overboard and disrupts the user experience. I'd almost rather pay a small fee to remove them completely. As is, it's pretty annoying to use.",[],B31TUV9012,B31TUV9012,AXXXXX45678XXXXX,2164665600,0,True
5.0,Authentic and eye-opening,I really appreciate how authentic and eye-opening the stories in this app are. It provides perspectives from marginalized communities that are often overlooked in mainstream media. The first-person narratives are so powerful and insightful. It's really expanded my understanding. I think this kind of platform is so important. Kudos to the creators.,[],B31WXY3456,B31WXY3456,AXXXXX56789XXXXX,2167344000,0,False
2.0,Slow and buggy,I was excited about this app but the performance issues make it hard to use. It's very slow to load and navigate. And I keep encountering bugs like buttons not working or content not displaying properly. It's frustrating because the actual content seems good but the technical issues really detract from the experience.,[],B31ZAB7890,B31ZAB7890,AXXXXX67890XXXXX,2169936000,0,True
4.0,Fills a niche,This app fills a much-needed niche. There aren't many quality resources out there on this specific topic. It provides comprehensive info and tools all in one convenient place. The interface is nothing fancy but it gets the job done. I'm just glad to have a dedicated app for this.,[],B32CDE1234,B32CDE1234,AXXXXX78901XXXXX,2172614400,0,True
3.0,Requires a lot of space,"The content of this app is great but beware that it requires a lot of space on your device. The download size is quite large and it takes up a good chunk of storage, especially if you download content for offline use. I had to free up space to even install it. Not ideal for devices with limited capacity.",[],B32FGH5678,B32FGH5678,AXXXXX89012XXXXX,2175292800,0,True
5.0,Empowering information,"I feel so empowered after using this app. It provides information and resources that I haven't found elsewhere, especially as it relates to my specific circumstances. The community aspect is wonderful too - I no longer feel alone in navigating these challenges. It's really been life-changing in the best way.",[],B32HIJ9012,B32HIJ9012,AXXXXX90123XXXXX,2177884800,0,False
1.0,Difficult to cancel,"Beware - this app makes it extremely difficult to cancel your subscription. There's no easy way to do it in the app or website. I had to search online for instructions and contact customer service multiple times. Even then, it took forever to process. Seems like a sneaky way to keep charging you. Not cool.",[],B32KLM3456,B32KLM3456,AXXXXX01234XXXXX,2180563200,0,True
4.0,Useful for travel,"I've found this app so useful for travel planning and while on trips. It aggregates all the key info you need like flights, hotels, places of interest, etc. I love the maps and how you can save locations. And getting alerts for things like gate changes has saved me a few times. A must-have for frequent travelers.",[],B32NOP7890,B32NOP7890,AXXXXX12345XXXXX,2183241600,0,True
2.0,Not very engaging,I had high hopes for this educational app for my kids but it's just not very engaging for them. The activities are quite repetitive and don't hold their attention for long. I think it needs more variety and interactivity to appeal to young learners. We lost interest in it pretty quickly.,[],B32QRS1234,B32QRS1234,AXXXXX23456XXXXX,2185833600,0,True
4.0,Helpful for chronic conditions,"As someone with a chronic health condition, this app has been so helpful for tracking symptoms and triggers. The ability to log data and see patterns is invaluable. And the reminders for medication and self-care are great. I feel more in control of managing my health. It's a valuable tool for anyone navigating ongoing health issues.",[],B32TUV5678,B32TUV5678,AXXXXX34567XXXXX,2188512000,0,False
3.0,Basic but functional,"This app is pretty basic but it gets the job done. Don't expect any fancy features or stunning design. However, it's stable and functional for core tasks. It could use some updates to modernize the interface and add a bit more flexibility. But if you just need a simple tool without bells and whistles, it works.",[],B32WXY9012,B32WXY9012,AXXXXX45678XXXXX,2191190400,0,True
5.0,Incredible value,"The amount of value packed into this app is incredible, especially for the price. The sheer volume of resources and tools is impressive. And it's all well-organized and easy to navigate. You can tell a lot of thought and care went into curating it. Well worth the cost and then some.",[],B32ZAB3456,B32ZAB3456,AXXXXX56789XXXXX,2193782400,0,True
2.0,Inconsistent performance,"My experience with this app has been frustratingly inconsistent. Sometimes it works smoothly but often it's very glitchy. It will freeze, crash, or fail to load content. The inconsistency makes it hard to rely on. I want to like it but the performance issues are a major downside. Needs improvement.",[],B33CDE7890,B33CDE7890,AXXXXX67890XXXXX,2196460800,0,True
4.0,Great for skill-building,I've been using this app to build skills in my field and it's been great for that purpose. The content is comprehensive and well-structured. I like that it includes both instructional info and interactive practice. It keeps me engaged and reinforces the learning. I can see my progress over time which is motivating.,[],B33FGH1234,B33FGH1234,AXXXXX78901XXXXX,2199139200,0,False
3.0,Aggressive notifications,"The content of this app is decent but the notification settings are way too aggressive by default. It constantly pings you with alerts, even for minor things. I had to go in and manually adjust them to avoid getting bombarded all day. I wish it had a more balanced approach to notifications.",[],B33HIJ5678,B33HIJ5678,AXXXXX89012XXXXX,2201731200,0,True
5.0,Love the personalization,"One of my favorite things about this app is how much you can personalize the experience. It really adapts to your preferences and goals. The more you use it, the better it gets to know you. The customized recommendations and insights are spot-on. It makes it feel tailored just for me which keeps me coming back.",[],B33KLM9012,B33KLM9012,AXXXXX90123XXXXX,2204409600,0,True
1.0,Sketchy subscription tactics,"Watch out for the sneaky subscription tactics with this app. It lures you in with a free trial but then automatically enrolls you in an expensive ongoing subscription. And they make it very difficult to cancel, conveniently. It feels predatory. The actual content is nothing special either. Steer clear.",[],B33NOP3456,B33NOP3456,AXXXXX01234XXXXX,2207088000,0,True
4.0,Helpful for organization,"This app has been a game changer for staying organized both personally and professionally. I love the integrated calendar, to-do lists, and note-taking features. It keeps everything streamlined in one place. The collaboration tools are also really useful. It's become an essential part of my productivity workflow.",[],B33QRS7890,B33QRS7890,AXXXXX12345XXXXX,2209680000,0,False
2.0,Limited customization,This app is okay but I wish it had more options for customization. You're stuck with the pre-set layouts and styles which feel a bit generic. Being able to personalize it more would make it feel more engaging. Right now it's quite bland and limits creative expression. Expandability would be a big improvement.,[],B33TUV1234,B33TUV1234,AXXXXX23456XXXXX,2212358400,0,True
4.0,Motivating and fun,I find this app super motivating to use. The gamification elements and rewards system make it fun to stick with my goals. The challenges give me something to work towards. And I like connecting with friends for accountability and support. It's been effective for building positive habits.,[],B33WXY5678,B33WXY5678,AXXXXX34567XXXXX,2215036800,0,True
3.0,Resource-heavy,"Just a heads up, this app is quite resource-heavy. It tends to drain the battery faster than other apps and can make my device run a bit sluggish while in use. It seems to use a lot of processing power. Not a dealbreaker but something to be aware of, especially on older devices.",[],B33ZAB9012,B33ZAB9012,AXXXXX45678XXXXX,2217628800,0,True
5.0,Unique and valuable perspective,This app offers such a unique and valuable perspective. It delves into aspects of the topic that often get overlooked. The case studies and expert insights are fascinating. It's really shifted my understanding in a meaningful way. I appreciate the depth and nuance of the content. Highly recommend for anyone looking to expand their knowledge.,[],B34CDE3456,B34CDE3456,AXXXXX56789XXXXX,2220307200,0,False
1.0,Useless without subscription,This app is pretty much useless unless you pay for the subscription. Very little functionality is available in the free version. It's really just a glorified ad for the paid service. I feel duped for even downloading it. The free offerings are so limited it's not even worth the space on my device.,[],B34FGH7890,B34FGH7890,AXXXXX67890XXXXX,2222985600,0,True
4.0,Bridges a gap,This app does a great job of bridging a gap in the market. It addresses a common problem in a really user-friendly and effective way. The interface is intuitive and the features are well-thought-out. It's become my go-to tool for this particular need. Glad to have found it!,[],B34HIJ1234,B34HIJ1234,AXXXXX78901XXXXX,2225577600,0,True
2.0,Needs accessibility improvements,"As someone who relies on accessibility features, I was disappointed to find that this app lacks key accommodations. The text doesn't resize properly, the contrast is poor in places, and there's no voice-over support. These oversights make it challenging to use. Developers really need to prioritize accessibility and inclusive design.",[],B34KLM5678,B34KLM5678,AXXXXX89012XXXXX,2228256000,0,True
4.0,Engaging community features,"One of the best parts of this app is the engaging community features. It's easy to connect with like-minded people and have meaningful discussions. The forums are well-moderated and foster a supportive environment. And the user-generated content adds a lot of value. It feels like an active, vibrant community.",[],B34NOP9012,B34NOP9012,AXXXXX90123XXXXX,2230934400,0,False
3.0,Hit-or-miss recommendations,The recommendation feature in this app is hit-or-miss. Sometimes it surfaces great suggestions that align with my interests. But other times the recommendations seem really off-base and not relevant to me at all. There doesn't seem to be a lot of logic or personalization to it. It's a bit unpredictable.,[],B34QRS3456,B34QRS3456,AXXXXX01234XXXXX,2233526400,0,True
5.0,Stellar customer support,"I have to give major kudos to the customer support team behind this app. They are consistently responsive, helpful, and friendly. Any time I've had a question or issue, they've addressed it quickly and thoroughly. It's clear they really value their users. The app itself is great but the stellar support really sets it apart.",[],B34TUV7890,B34TUV7890,AXXXXX12345XXXXX,2236204800,0,True
2.0,Lacks depth,I find this app lacks depth and substance. The content is very surface-level and doesn't provide a lot of meaningful insights or analysis. It covers the basics but doesn't go much beyond that. Even the paid content feels thin. I was hoping for more robust and well-researched information.,[],B34WXY1234,B34WXY1234,AXXXXX23456XXXXX,2238883200,0,True
4.0,Keeps me accountable,This app has been great for keeping me accountable to my goals. The daily check-ins and progress tracking features are motivating. I like being able to see my streaks and stats over time. The reminders are helpful for keeping me on track. It's a simple but effective tool for follow-through.,[],B34ZAB5678,B34ZAB5678,AXXXXX34567XXXXX,2241475200,0,False
3.0,Syncing issues,"I like this app overall but I've had ongoing issues with syncing across devices. My progress and preferences don't always update between my phone and tablet, which makes for a disjointed experience. I often have to manually refresh to get things in sync. It's an annoying bug that needs fixing.",[],B35CDE9012,B35CDE9012,AXXXXX45678XXXXX,2244153600,0,True
5.0,Life-changing insights,The insights I've gained from this app have been truly life-changing. It has helped me understand myself and my patterns on a much deeper level. The reflective prompts and exercises are thought-provoking and illuminating. It's like having a wise mentor in my pocket. Can't recommend it enough for personal growth.,[],B35FGH3456,B35FGH3456,AXXXXX56789XXXXX,2246832000,0,True
1.0,Invasive ads,The constant invasive ads in this app ruin the whole experience. You can barely go a minute without being interrupted by a full-screen ad. It's extremely frustrating and disrupts any kind of flow or focus. I understand the need to monetize but this is excessive. It needs an ad-free option.,[],B35HIJ7890,B35HIJ7890,AXXXXX67890XXXXX,2249424000,0,True
4.0,Saves me time,This app saves me so much time and hassle. It automates tasks that used to take me ages to do manually. The templates and bulk-editing features are game changers. It streamlines my workflow and lets me get more done in less time. Well worth the price for the efficiency it brings.,[],B35KLM1234,B35KLM1234,AXXXXX78901XXXXX,2252102400,0,False
2.0,Unreliable data,I want to like this app but I've noticed several instances of incorrect or outdated data. The information doesn't seem to be well-vetted or regularly updated. I don't feel like I can fully trust the accuracy which defeats the purpose. They need better quality control and fact-checking.,[],B35NOP5678,B35NOP5678,AXXXXX89012XXXXX,2254780800,0,True
4.0,Intuitive interface,"The interface of this app is very intuitive and user-friendly. It's easy to navigate and find what you need. The design is clean and uncluttered. Everything is laid out logically. Even if you're not tech-savvy, you can easily get the hang of it. The thoughtful UI makes a big difference.",[],B35QRS9012,B35QRS9012,AXXXXX90123XXXXX,2257372800,0,True
3.0,Room for improvement,"This app gets the job done but there's definitely room for improvement. Some features feel clunky or not fully thought out. The user experience could be more streamlined. It has the basics covered but lacks the refinement of competitors. With some polishing, it could be a contender.",[],B35TUV3456,B35TUV3456,AXXXXX01234XXXXX,2260051200,0,True
5.0,Game-changer for health tracking,This app has been a total game-changer for keeping track of my health metrics. It integrates with all my devices and consolidates the data in one convenient dashboard. The insights and trends it surfaces are so valuable. It helps me understand my body and make informed choices. A must-have tool for health-conscious folks.,[],B35WXY7890,B35WXY7890,AXXXXX12345XXXXX,2262729600,0,False
2.0,Minimal free content,"For a free app, the amount of content and features available is quite minimal. Most of the useful stuff is locked behind a paywall. The free version is very limited and barely gives you a sense of what the app offers. I wish there was more accessible without subscribing.",[],B35ZAB1234,B35ZAB1234,AXXXXX23456XXXXX,2265321600,0,True
4.0,Empowering and practical,"I find this app both empowering and practical. It offers relatable, real-world advice for navigating challenges. The tips are down-to-earth and easily actionable. It's not about quick fixes but building sustainable habits. I always come away feeling more capable and motivated after using it.",[],B36CDE5678,B36CDE5678,AXXXXX34567XXXXX,2268000000,0,True
3.0,Compatibility limitations,It's important to note that this app has some compatibility limitations. It doesn't play nice with some older operating systems and devices. The features can be glitchy or not fully functional if you don't have the latest set-up. I wish it was more universally accessible.,[],B36FGH9012,B36FGH9012,AXXXXX45678XXXXX,2270678400,0,True
5.0,Unlocks creativity,"This app is incredible for unlocking creativity. The prompts, exercises, and inspiration are really effective at sparking new ideas. It helps me break out of ruts and see things from fresh perspectives. The community aspect is great for collaboration and feedback too. My creative output has definitely increased since using it regularly.",[],B36HIJ3456,B36HIJ3456,AXXXXX56789XXXXX,2273270400,0,False
1.0,Buggy mess,"This app is a buggy mess. It's constantly crashing, freezing, and glitching out. Features don't work as intended and the interface is laggy. It's frustrating to even attempt to use. The developers need to prioritize stability and performance improvements ASAP. In its current state, it's barely functional.",[],B36KLM7890,B36KLM7890,AXXXXX67890XXXXX,2275948800,0,True
4.0,Comprehensive and well-organized,This app offers a comprehensive collection of resources that are thoughtfully organized and easy to navigate. I appreciate how it breaks complex topics down into digestible sections. The search functionality is also robust and returns relevant results. It's a great tool for diving deep into the subject matter.,[],B36NOP1234,B36NOP1234,AXXXXX78901XXXXX,2278627200,0,True
2.0,Generic advice,"The advice in this app is very generic and simplistic. A lot of it is just common sense repackaged. I was hoping for more insightful, nuanced, and actionable recommendations. It barely scratches the surface of the topics it claims to cover. Feels more like fluff than substance.",[],B36QRS5678,B36QRS5678,AXXXXX89012XXXXX,2281219200,0,True
4.0,Solid learning tool,I've been using this app to learn a new skill and it's been a solid resource. The lessons are well-structured and build on each other logically. The multimedia content keeps things engaging. And the interactive elements reinforce the concepts. It's an effective and convenient way to learn.,[],B36TUV9012,B36TUV9012,AXXXXX90123XXXXX,2283897600,0,False
3.0,Mixed bag,"This app is a bit of a mixed bag. Some features are really useful and well-designed while others feel half-baked or even extraneous. The core functionality is solid but it gets bogged down with clutter. I'd prefer a more streamlined, focused experience. It tries to do too much.",[],B36WXY3456,B36WXY3456,AXXXXX01234XXXXX,2286576000,0,True
5.0,Fantastic for goal-setting,I absolutely love using this app for setting and tracking goals. The way it breaks big goals down into manageable steps is really effective. The visualization tools keep me motivated. And the built-in rewards system is a nice touch. It's helping me accomplish things I never thought possible.,[],B36ZAB7890,B36ZAB7890,AXXXXX12345XXXXX,2289168000,0,True
2.0,Poor audio quality,"The biggest issue I have with this app is the poor audio quality. The sound is often muffled, staticky, or imbalanced. It's distracting and makes it hard to fully engage with the content. I've tried troubleshooting on my end but the problem seems to be with the app itself. Needs improvement.",[],B37CDE1234,B37CDE1234,AXXXXX23456XXXXX,2291846400,0,True
4.0,Helpful for anxiety management,"As someone who struggles with anxiety, I've found this app to be a helpful tool for managing symptoms. The breathing exercises and guided meditations are soothing. The journaling prompts help me process my thoughts. And the mood tracking provides valuable insights. It's not a replacement for professional help but a useful complement.",[],B37FGH5678,B37FGH5678,AXXXXX34567XXXXX,2294524800,0,False
3.0,Slow load times,"One frustration I have with this app is the slow load times, especially when transitioning between sections or accessing certain features. There's often a noticeable lag that disrupts the flow of using it. The content itself is good but the delays are annoying. Optimization is needed.",[],B37HIJ9012,B37HIJ9012,AXXXXX45678XXXXX,2297116800,0,True
5.0,Exceeded expectations,I didn't have super high expectations going into this app but it really exceeded them. The attention to detail and level of polish is impressive. The features are thoughtfully implemented and add a lot of value. It's intuitive to navigate and visually appealing too. Well done all around.,[],B37KLM3456,B37KLM3456,AXXXXX56789XXXXX,2299795200,0,True
1.0,Misleading claims,The marketing for this app makes a lot of grand claims that it simply doesn't live up to. The supposed benefits are way overstated and not backed by evidence. The actual content is thin and doesn't deliver on the promises. It comes across as a cash grab preying on people's hopes. Very misleading.,[],B37NOP7890,B37NOP7890,AXXXXX67890XXXXX,2302473600,0,True
4.0,Simple and effective,I appreciate the simplicity and effectiveness of this app. It's not flashy or loaded with extraneous features. It focuses on doing one thing really well. The streamlined interface makes it quick and easy to use. And the results speak for themselves. Sometimes less is more.,[],B37QRS1234,B37QRS1234,AXXXXX78901XXXXX,2305065600,0,False
2.0,Not very intuitive,I found this app quite unintuitive to navigate and use. The layout is confusing and features are buried in obscure places. I struggled to figure out how to accomplish basic tasks. It definitely has a steep learning curve. Some design improvements and onboarding guidance would go a long way.,[],B37TUV5678,B37TUV5678,AXXXXX89012XXXXX,2307744000,0,True
4.0,Engaging community,One of my favorite aspects of this app is the vibrant and supportive community it fosters. Connecting with like-minded people and sharing experiences is rewarding. The discussions are thought-provoking and insightful. And there are fun collaborative challenges too. It adds a lot of value beyond just the core features.,[],B37WXY9012,B37WXY9012,AXXXXX90123XXXXX,2310422400,0,True
3.0,Inconsistent performance,"My experience with this app has been inconsistent. Sometimes it works smoothly and other times it's glitchy and unresponsive. The reliability is hit or miss which makes it hard to fully depend on. When it works, it's great, but the unpredictability is a drawback. Hoping for more stability in future updates.",[],B37ZAB3456,B37ZAB3456,AXXXXX01234XXXXX,2313014400,0,True
5.0,Transformative results,"Using this app has truly transformed my life for the better. The insights and strategies have led to tangible, positive changes. I have healthier habits, improved relationships, and a clearer sense of purpose. The progress I've made feels incredible. I'm so grateful to have found this empowering resource.",[],B38CDE7890,B38CDE7890,AXXXXX12345XXXXX,2315692800,0,False
2.0,Limited customization,The lack of customization options in this app is disappointing. You're locked into pre-set formats and layouts with little ability to personalize. It doesn't accommodate different needs or preferences well. The one-size-fits-all approach feels restrictive. I wish there was more flexibility to tailor it to my specific use case.,[],B38FGH1234,B38FGH1234,AXXXXX23456XXXXX,2318371200,0,True
4.0,Impressive depth,I'm impressed by the depth and comprehensiveness of content in this app. It goes beyond surface-level information and really digs into the nuances and complexities of the topic. The explanations are thorough and well-researched. You can tell a lot of expertise went into developing it. It's a valuable resource for anyone looking to deepen their understanding.,[],B38HIJ5678,B38HIJ5678,AXXXXX34567XXXXX,2320963200,0,True
3.0,Drains battery quickly,"A word of caution - this app seems to be a significant battery drain, at least on my device. Even when I'm not actively using it, I notice my battery depleting much faster than usual. I've had to be mindful about closing it out completely. It would be great if the developers could optimize the power usage.",[],B38KLM9012,B38KLM9012,AXXXXX45678XXXXX,2323641600,0,True
5.0,Fantastic adaption,"As a fan of the original book/movie/etc, I think this app is a fantastic adaption of the content into an interactive format. It captures the essence and spirit of the original work while adding thoughtful enhancements that make use of the digital medium. The attention to detail and faithfulness to the source material is commendable. Both existing fans and newcomers can enjoy this fresh take.",[],B38NOP3456,B38NOP3456,AXXXXX56789XXXXX,2326320000,0,False
1.0,Completely broken,"I'm giving this app one star because it's completely broken and non-functional. It crashes immediately upon opening, every single time. I've tried uninstalling and reinstalling, restarting my device, and checking for updates but nothing resolves the issue. It's unusable in its current state. Extremely disappointing and a waste of space on my phone.",[],B38QRS7890,B38QRS7890,AXXXXX67890XXXXX,2328912000,0,True
4.0,Motivating challenges,The challenges in this app are a great motivational tool. They give me specific goals to work towards and make the experience more engaging. I like how there's a good mix of short-term and long-term challenges to keep things interesting. The rewards and achievements add an extra layer of satisfaction. It's a fun way to push myself and track my progress.,[],B38TUV1234,B38TUV1234,AXXXXX78901XXXXX,2331590400,0,True
2.0,Excessive notifications,"This app sends way too many notifications, to the point of being excessive and spammy. Even after adjusting the settings to minimize them, I still get bombarded with constant alerts and promotions. It's intrusive and annoying. I don't need to be pestered multiple times a day. The app should respect user preferences and have more reasonable default settings.",[],B38WXY5678,B38WXY5678,AXXXXX89012XXXXX,2334268800,0,True
4.0,Effective tools,The tools and resources provided in this app are really effective for managing the issue at hand. The tracking capabilities help me stay on top of things. The library of informative articles and tips is super useful. And I appreciate the actionable suggestions for coping strategies. It's a well-rounded approach that has made a noticeable difference for me.,[],B38ZAB9012,B38ZAB9012,AXXXXX90123XXXXX,2336860800,0,False
2.0,Lacks accessibility options,"As someone who relies on accessibility features, I was disappointed to find that this app lacks basic accommodations. There are no options for adjusting text size, color contrast, or screen reader compatibility. It feels exclusionary to users with visual impairments or other disabilities. Accessibility should be a fundamental part of design, not an afterthought.",[],B39HIJ1234,B39HIJ1234,AXXXXX23456XXXXX,2344809600,0,True
4.0,Smooth performance,"I've been impressed with how smoothly this app performs, even when running multiple tasks or handling large amounts of data. It's responsive and stable - I haven't encountered any crashes, freezing, or significant lag. The developers have clearly prioritized performance optimization. It makes for a seamless and efficient user experience.",[],B39KLM5678,B39KLM5678,AXXXXX34567XXXXX,2347488000,0,False
3.0,Hit-or-miss accuracy,"The accuracy of the information in this app is hit-or-miss. Some sections are spot-on and well-researched, while others contain glaring errors or outdated details. It's frustrating to come across misinformation. I have to cross-reference with other sources to feel confident. More rigorous fact-checking and regular updates would improve the reliability.",[],B39NOP9012,B39NOP9012,AXXXXX45678XXXXX,2350166400,0,True
5.0,Game-changer for productivity,"This app has been an absolute game-changer for my productivity. The task management and scheduling features are top-notch. I love how it integrates with my calendar and sends helpful reminders. It's helped me stay organized, prioritize effectively, and accomplish more in less time. My efficiency has skyrocketed since using it.",[],B39QRS3456,B39QRS3456,AXXXXX56789XXXXX,2352758400,0,True
1.0,Sketchy privacy practices,"I'm extremely concerned about the privacy practices of this app. It requests access to an excessive amount of personal data, including sensitive information that doesn't seem necessary for its functionality. The privacy policy is vague and doesn't clarify how the data is used or shared. It feels like a sketchy data grab. I'm uncomfortable using it.",[],B39TUV7890,B39TUV7890,AXXXXX67890XXXXX,2355436800,0,True
4.0,Collaborative features,"The collaborative features in this app are excellent for team projects and group work. It's easy to share files, provide feedback, and communicate with others in real-time. The version control and commenting system keep everything organized. And the notification settings let you customize how and when you're alerted to updates. It streamlines collaboration effectively.",[],B39WXY1234,B39WXY1234,AXXXXX78901XXXXX,2358115200,0,False
2.0,Confusing navigation,Navigating this app is a confusing and frustrating experience. The menu structure is illogical and features are buried in unintuitive places. I often find myself going in circles trying to find what I need. It's not user-friendly at all. Some clearer labeling and streamlined organization would make a world of difference.,[],B39ZAB5678,B39ZAB5678,AXXXXX89012XXXXX,2360707200,0,True
4.0,Helpful budgeting tool,"I've found this app to be a helpful tool for managing my budget and expenses. The ability to link my accounts, categorize transactions, and set spending limits is great. The visual breakdowns and reports give me a clear picture of where my money is going. It's easier to identify areas where I can cut back or save. Keeps me accountable.",[],B3ACDE9012,B3ACDE9012,AXXXXX90123XXXXX,2363385600,0,True
3.0,Inconsistent updates,"While I enjoy the core features of this app, the inconsistency of updates is disappointing. New content and bug fixes seem to come sporadically, if at all. Some long-standing issues persist without being addressed. And there are limited communication or roadmaps about upcoming changes. I wish the developers were more proactive and transparent about maintaining the app.",[],B3AFGH3456,B3AFGH3456,AXXXXX01234XXXXX,2366064000,0,True
5.0,Fantastic skill-building resource,This app is a fantastic resource for building skills in the targeted area. The lessons are well-structured and build upon each other logically. The practice exercises reinforce the concepts effectively. And the quizzes and assessments help track progress. I feel like I'm gaining meaningful knowledge and capabilities. It's an excellent learning tool.,[],B3AHIJ7890,B3AHIJ7890,AXXXXX12345XXXXX,2368656000,0,False
1.0,Offensive content,"I was appalled to come across blatantly offensive content in this app. It includes harmful stereotypes, derogatory language, and insensitive portrayals. This is unacceptable and goes against basic standards of decency and respect. I cannot support or recommend an app that perpetuates such hurtful representations. It needs a thorough review and removal of the problematic material.",[],B3AKLM1234,B3AKLM1234,AXXXXX23456XXXXX,2371334400,0,True
4.0,Comprehensive tracking,"The comprehensive tracking capabilities of this app are impressive. It allows me to log and monitor multiple variables, from quantitative data to qualitative notes. The customizable fields and tags make it adaptable to my specific needs. And the ability to export the data is handy for further analysis or sharing with others. It's a robust tool for keeping tabs on progress.",[],B3ANOP5678,B3ANOP5678,AXXXXX34567XXXXX,2374012800,0,True
2.0,Limited offline functionality,"A significant drawback of this app is its limited offline functionality. Many features are only accessible with an internet connection, which is inconvenient when you're on the go or have spotty service. The offline mode is bare-bones and doesn't allow for much productivity. For an app designed for mobile use, more robust offline capabilities should be a priority.",[],B3AQRS9012,B3AQRS9012,AXXXXX45678XXXXX,2376604800,0,True
2.0,Excessive battery drain,"The biggest issue I've encountered with this app is the excessive battery drain. Even when I'm not actively using it, I notice my device's battery depleting much faster than usual. It seems to be running constantly in the background. I've had to uninstall it to preserve my battery life. Developers need to address this energy-consuming problem.",[],B3BTUV9012,B3BTUV9012,AXXXXX45678XXXXX,2403129600,0,True
